{
	"pages": [ //pages数组中第一项表示应用启动页，参考：https://uniapp.dcloud.io/collocation/pages
		{
			// 底部首页
			"path": "pages/index/index",
			"style": {
				// 导航栏标题文字内容
				// 是否开启下拉刷新
				"enablePullDownRefresh": false,
				"navigationStyle": "custom" // 隐藏系统导航栏
				// 单页导航栏设置,"default"默认显示 "custom"关闭状态
				// "navigationStyle": "custom", // 设置不显示原生导航栏 隐藏系统导航栏
				// "navigationBarTextStyle": "white" // 状态栏字体为白色，只能为 white-白色，black-黑色 二选一
			}
		},

		{
			"path": "pages/marketQuotations/marketQuotations",
			"style": {
				"enablePullDownRefresh": true,
				"navigationStyle": "custom" // 隐藏系统导航栏
			}

		}, {
			"path": "pages/position/position",
			"style": {
				"enablePullDownRefresh": true,
				"navigationStyle": "custom" // 隐藏系统导航栏
			}

		}, {
			"path": "pages/free/free",
			"style": {
				"navigationBarTitleText": "%index.optional%",
				"enablePullDownRefresh": true,
				"navigationStyle": "custom" // 隐藏系统导航栏
			}

		},{
			"path": "pages/bi/newbi",
			"style": {
				"navigationBarTitleText": "%index.optional%",
				"enablePullDownRefresh": true,
				"navigationStyle": "custom" // 隐藏系统导航栏
			}

		},{
			"path": "pages/bi/newbi_log",
			"style": {
				"navigationBarTitleText": "%index.optional%",
				"enablePullDownRefresh": true,
				"navigationStyle": "custom" // 隐藏系统导航栏
			}

		}, {
			"path": "pages/my/my",
			"style": {
				"navigationBarTitleText": "%index.main%",
				"enablePullDownRefresh": true,
				"navigationStyle": "custom" // 隐藏系统导航栏
			}

		}, {
			"path": "pages/marketQuotations/productDetails",
			"style": {
				"enablePullDownRefresh": false,
				"navigationStyle": "custom" // 隐藏系统导航栏
			}

		}, {
			"path": "pages/logon/logon/logon",
			"style": {
				"enablePullDownRefresh": false,
				"navigationStyle": "custom" // 隐藏系统导航栏
			}

		}, {
			"path": "pages/logon/register/register",
			"style": {
				"navigationBarTitleText": "%index.it_is_registered%",
				"enablePullDownRefresh": false,
				"navigationStyle": "custom" // 隐藏系统导航栏
			}

		}, {
			"path": "pages/searchFor/searchFor",
			"style": {
				"navigationBarTitleText": "%index.find%",
				"enablePullDownRefresh": false,
				"navigationStyle": "custom" // 隐藏系统导航栏
			}

		}, 
		{
			"path": "pages/index/components/customer/customer",
			"style": {
				"navigationBarTitleText": "%index.customer_Inquiry%",
				"enablePullDownRefresh": false,
				// "navigationStyle": "custom" // 隐藏系统导航栏
				"app-plus": {
					"navigationBarBackgroundColor": "#007AFF",
					"navigationBarTextStyle": "white" //状态栏字体颜色
				}
			}

		},
		
		{
			"path": "pages/index/components/fund/fund",
			"style": {
				"navigationBarTitleText": "%index.accumulation%",
				"enablePullDownRefresh": false,
				"navigationStyle": "custom" // 隐藏系统导航栏
			}

		},
		
		{
			"path": "pages/index/components/newShares/newShares",
			"style": {
				"navigationBarTitleText": "%index.new_stock%",
				"enablePullDownRefresh": false,
				"navigationStyle": "custom" // 隐藏系统导航栏
			}

		},
		{
			"path": "pages/index/components/newShares/applyPurchase/applyPurchase",
			"style": {
				"enablePullDownRefresh": false,
				"navigationStyle": "custom" // 隐藏系统导航栏
			}

		},
		{
			"path": "pages/index/components/newShares/luckyNumber/luckyNumber",
			"style": {
				"enablePullDownRefresh": false,
				"navigationStyle": "custom" // 隐藏系统导航栏
			}

		},
		{
			"path": "pages/index/news",
			"style": {
				"enablePullDownRefresh": false,
				"navigationStyle": "custom" // 隐藏系统导航栏
			}
		
		},
		{
			"path": "pages/index/bigzong",
			"style": {
				"enablePullDownRefresh": false,
				"navigationStyle": "custom" // 隐藏系统导航栏
			}
		
		},
		{
			"path": "pages/index/rinei",
			"style": {
				"enablePullDownRefresh": false,
				"navigationStyle": "custom" // 隐藏系统导航栏
			}
		
		},
		{
			"path": "pages/index/components/newShares/ration/ration",
			"style": {
				"enablePullDownRefresh": false,
				"navigationStyle": "custom" // 隐藏系统导航栏
			}

		},
		{
			"path": "pages/index/components/newShares/ration/luckyNumber",
			"style": {
				"enablePullDownRefresh": false,
				"navigationStyle": "custom" // 隐藏系统导航栏
			}

		},
		{
			"path": "pages/index/components/newShares/nullElement/nullElement",
			"style": {
				"enablePullDownRefresh": false,
				"navigationStyle": "custom" // 隐藏系统导航栏
			}

		},
		{
			"path": "pages/index/components/newShares/offlinePlacement/offlinePlacement",
			"style": {
				"enablePullDownRefresh": false,
				"navigationStyle": "custom" // 隐藏系统导航栏
			}

		},
		{
			"path": "pages/index/components/secondRow/dragonTiger/dragonTiger",
			"style": {
				"enablePullDownRefresh": false,
				"navigationStyle": "custom" // 隐藏系统导航栏
			}

		},
		{
			"path": "pages/index/components/secondRow/stopResumeTrading/stopResumeTrading",
			"style": {
				"enablePullDownRefresh": false,
				"navigationStyle": "custom" // 隐藏系统导航栏
			}

		},
		{
			"path": "pages/index/components/secondRow/tradingShares/tradingShares",
			"style": {
				"enablePullDownRefresh": false,
				"navigationStyle": "custom" // 隐藏系统导航栏
			}

		},
		{
			"path": "pages/index/components/secondRow/dailyLimit/dailyLimit",
			"style": {
				"enablePullDownRefresh": false,
				"navigationStyle": "custom" // 隐藏系统导航栏
			}

		},
		{
			"path": "pages/index/components/secondRow/transactionRules/transactionRules",
			"style": {
				"enablePullDownRefresh": false,
				"navigationStyle": "custom" // 隐藏系统导航栏
			}

		},
		{
			"path": "pages/index/components/newsDetail",
			"style": {
				"enablePullDownRefresh": false,
				"navigationStyle": "custom" // 隐藏系统导航栏
			}
		},
		{
			"path": "pages/marketQuotations/purchase",
			"style": {
				"enablePullDownRefresh": false,
				"navigationStyle": "custom" // 隐藏系统导航栏
			}
		},
		{
			"path": "pages/marketQuotations/guadan",
			"style": {
				"enablePullDownRefresh": false,
				"navigationStyle": "custom" // 隐藏系统导航栏
			}
		},
		{
			"path": "pages/marketQuotations/biinfo",
			"style": {
				"enablePullDownRefresh": false,
				"navigationStyle": "custom" // 隐藏系统导航栏
			}
		
		},
		{
			"path": "pages/marketQuotations/bibuy",
			"style": {
				"enablePullDownRefresh": false,
				"navigationStyle": "custom" // 隐藏系统导航栏
			}
		
		},
		{
			"path": "pages/marketQuotations/authentication",
			"style": {
				"enablePullDownRefresh": false,
				"navigationStyle": "custom" // 隐藏系统导航栏
			}

		},
		{
			"path": "pages/my/components/setUp/setUp",
			"style": {
				"enablePullDownRefresh": false,
				"navigationStyle": "custom" // 隐藏系统导航栏
			}

		},

		{
			"path": "pages/my/components/other/versionUpdate",
			"style": {
				"navigationBarTitleText": "%index.new_version_update%",
				"enablePullDownRefresh": false,
				"navigationStyle": "custom" // 隐藏系统导航栏
			}

		},
		{
			"path": "pages/my/components/duihuan/index",
			"style": {
				"navigationBarTitleText": "%index.new_version_update%",
				"enablePullDownRefresh": false,
				"navigationStyle": "custom" // 隐藏系统导航栏
			}
		
		},
		{
			"path": "pages/my/components/other/userAgreement",
			"style": {
				"navigationBarTitleText": "%index.user_Agreement%",
				"enablePullDownRefresh": false,
				"navigationStyle": "custom" // 隐藏系统导航栏
			}

		},
		{
			"path": "pages/my/components/other/privacyAgreement",
			"style": {
				"navigationBarTitleText": "%index.privacy_Agreement%",
				"enablePullDownRefresh": false,
				"navigationStyle": "custom" // 隐藏系统导航栏
			}

		},
		{
			"path": "pages/my/components/other/aboutUs",
			"style": {
				"navigationBarTitleText": "%index.about_Us%",
				"enablePullDownRefresh": false,
				"navigationStyle": "custom" // 隐藏系统导航栏
			}

		},
		{
			"path": "pages/my/components/bankCard/binding",
			"style": {
				"navigationBarTitleText": "%index.bank_card_binding%",
				"enablePullDownRefresh": false,
				"navigationStyle": "custom" // 隐藏系统导航栏
			}

		},
		{
			"path": "pages/my/components/bankCard/bangka",
			"style": {
				"navigationBarTitleText": "%index.bank_card_binding%",
				"enablePullDownRefresh": false,
				"navigationStyle": "custom" // 隐藏系统导航栏
			}
		
		},
		{
			"path": "pages/my/components/bankCard/renewal",
			"style": {
				"navigationBarTitleText": "%index.change_bank_card%",
				"enablePullDownRefresh": false,
				"navigationStyle": "custom" // 隐藏系统导航栏
			}

		},
		{
			"path": "pages/my/components/commonFunctions/changePassword",
			"style": {
				"navigationBarTitleText": "%index.change_login_password%",
				"enablePullDownRefresh": false,
				"navigationStyle": "custom" // 隐藏系统导航栏
			}

		},
		{
			"path": "pages/my/components/commonFunctions/fundPassword",
			"style": {
				"navigationBarTitleText": "%index.fund_password%",
				"enablePullDownRefresh": false,
				"navigationStyle": "custom" // 隐藏系统导航栏
			}

		},
		{
			"path": "pages/my/components/commonFunctions/capitalDetails",
			"style": {
				"navigationBarTitleText": "%index.fund_Details%",
				"enablePullDownRefresh": false,
				"navigationStyle": "custom" // 隐藏系统导航栏
			}

		},
		{
			"path": "pages/my/components/certificateBank/silver",
			"style": {
				"navigationBarTitleText": "%index.bank_transfer_certificate%",
				"enablePullDownRefresh": false,
				"navigationStyle": "custom" // 隐藏系统导航栏
			}

		},
		{
			"path": "pages/my/components/certificateBank/usdt",
			"style": {
				"navigationBarTitleText": "USD",
				"enablePullDownRefresh": false,
				"navigationStyle": "custom" // 隐藏系统导航栏
			}
		
		},
		{
			"path": "pages/my/components/certificateBank/prove",
			"style": {
				"navigationBarTitleText": "%index.transfer_from_certificate_to_bank%",
				"enablePullDownRefresh": false,
				"navigationStyle": "custom" // 隐藏系统导航栏
			}

		}

		,
		{
			"path": "pages/my/components/setUp/modifyAvatar",
			"style": {
				"enablePullDownRefresh": false,
				"navigationStyle": "custom" // 隐藏系统导航栏
			}

		},
		{
			"path": "pages/index/components/newShares/blockTransactions/blockTransactions",
			"style": {
				"enablePullDownRefresh": false,
				"navigationStyle": "custom" // 隐藏系统导航栏
			}

		},
		{
			"path": "pages/index/components/newShares/placeOrder/placeOrder",
			"style": {
				"enablePullDownRefresh": false,
				"navigationStyle": "custom" // 隐藏系统导航栏
			}

		},
		{
			"path": "pages/logon/forgot/forgot",
			"style": {
				"enablePullDownRefresh": false,
				"navigationStyle": "custom" // 隐藏系统导航栏
			}

		}, {
			"path": "pages/my/components/certificateBank/silver-b",
			"style": {
				"enablePullDownRefresh": false,
				"navigationStyle": "custom" // 隐藏系统导航栏
			}

		}
	
	    
    ],
	"globalStyle": {
		"navigationBarTextStyle": "black",
		"navigationBarTitleText": "JPM",
		"navigationBarBackgroundColor": "#F8F8F8",
		"backgroundColor": "#F8F8F8"
	},
	"uniIdRouter": {},
	"tabBar": {
		"borderStyle": "black",
		"selectedColor": "#1c4199",
		"color": "rgb(97, 103, 114)",
		"fontSize": "12px",
		"list": [{
				"pagePath": "pages/index/index",
				"text": "%index.home%",
				"iconPath": "static/botton/home.png",
				"selectedIconPath": "static/botton/home1.png"
			},
			
			{
				"pagePath": "pages/marketQuotations/marketQuotations",
				"text": "%index.market%",
				"iconPath": "static/botton/market.png",
				"selectedIconPath": "static/botton/market1.png"
			},
			{
				"pagePath": "pages/index/news",
				"text": "%index.news%",
				"iconPath": "static/botton/news.png",
				"selectedIconPath": "static/botton/news1.png"
			},
			{
				"pagePath": "pages/position/position",
				"text": "%index.portfolio%",
				"iconPath": "static/botton/jy.png",
				"selectedIconPath": "static/botton/jy1.png"
			},

			{
				"pagePath": "pages/my/my",
				"text": "%index.profile%",
				"iconPath": "static/botton/my.png",
				"selectedIconPath": "static/botton/my1.png"
			}
		]
	},
	//uview组件库
	"easycom": {	
		"^u-(.*)": "@/node_modules/uview-ui/components/u-$1/u-$1.vue"
	},
	"condition": {
		//模式配置，仅开发期间生效
		"current": 0, //当前激活的模式(list 的索引项)
		"list": [{
			"name": "", //模式이름
			"path": "", //启动页面，必选
			"query": "" //启动参数，在页面的onLoad函数里面得到
		}]
	}
}